isbn,title,parsed_author,date_published,year,spine_color,spine_color_group,dominant_cover_color
9780940322158,A High Wind in Jamaica,Richard Hughes,1999-09-30,1999,#594D9F,indigo,#473D3C
9780940322219,Jakob von Gunten,Robert Walser,1999-09-30,1999,#424B46,gray,#F4F5E4
9780940322165,Lolly Willowes,Sylvia Townsend Warner,1999-09-30,1999,#1F1A17,black,#E08A30
9780940322127,My Father and Myself,J.R. Ackerley,1999-09-30,1999,#FF3D51,brown,#272626
9780940322141,Peasants and Other Stories,Anton Chekhov,1999-09-30,1999,#006F46,teal,#596B4C
9780940322349,Prison Memoirs of an Anarchist,Alexander Berkman,1999-09-30,1999,#20181B,black,#110B0C
9780940322134,The Living Thoughts of Kierkegaard,Soren Kierkegaard,1999-09-30,1999,#3F378D,indigo,#F3F2EB
9780940322325,The Other House,Henry James,1999-09-30,1999,#DEE4E8,white,#1E1917
9780940322318,The Winners,Julio Cortazar,1999-09-30,1999,,,#9D9085
9780940322677,A Handbook on Hanging,Charles Duff,1999-10-31,1999,#BCE788,beige,#631924
9780940322172,Herself Surprised,Joyce Cary,1999-10-31,1999,,,#CEBBAD
9780940322196,The Horse's Mouth,Joyce Cary,1999-10-31,1999,#FFB9B5,pink,#BE584D
9780940322189,To Be a Pilgrim,Joyce Cary,1999-10-31,1999,,,#C7BBAC
9780940322257,Hindoo Holiday,J.R. Ackerley,2000-01-31,2000,#FF0088,violet,#D7ADBD
9780940322202,Memoirs of My Nervous Illness,Daniel Paul Schreber,2000-01-31,2000,#FC0000,red,#070707
9780940322264,We Think the World of You,J. R. Ackerley,2000-01-31,2000,#005158,teal,#66676A
9780940322301,The Wooden Shepherdess,Richard Hughes,2000-02-28,2000,#FFFFFF,white,#62615E
9780940322226,The Stories of J.F. Powers,J.F. Powers,2000-03-31,2000,#FFDF00,gold,#F1F1F1
9780940322356,Memoirs of Lorenzo Da Ponte,Lorenzo Da Ponte,2000-05-31,2000,#151A19,black,#262929
9780940322233,Morte D'Urban,J. F. Powers,2000-05-31,2000,#FDD800,gold,#E4E4E4
9780940322363,"Records of Shelley, Byron, and the Author",Edward John Trelawny,2000-05-31,2000,#E00000,red,#2C2C2C
9780940322240,Wheat that Springeth Green,J.F. Powers,2000-05-31,2000,#FFD200,gold,#666666
9780940322462,Classic Crimes,William Roughead,2000-08-31,2000,#EC0000,red,#0B0304
9780940322691,The Lore and Language of Schoolchildren,Iona Opie,2000-08-31,2000,#CD0000,red,#0F0C0C
9780940322745,The Unknown Masterpiece,Honore de Balzac,2000-08-31,2000,#FF0000,red,#266299
9780940322455,Virgin Soil,Ivan Turgenev,2000-08-31,2000,#007939,green,#656460
9780940322554,The Glass Bees,Ernst Junger,2000-09-30,2000,#E60000,red,#212727
9780940322486,The Pure and the Impure,Colette,2000-09-30,2000,#FF0000,red,#654656
9780940322509,The Waste Books,Georg Christoph Lichtenberg,2000-09-30,2000,#00A6C2,teal,#1C1E0E
9780940322479,A Month in the Country,J.L. Carr,2000-10-31,2000,#8EB6D8,gray,#D2A69F
9780940322547,Seven Men,Max Beerbohm,2000-10-31,2000,#64D2CC,turquoise,#CFCFCF
9780940322530,The Wine-Dark Sea,Leonardo Sciascia,2000-10-31,2000,#B10058,brown,#070E0F
9780940322523,To Each His Own,Leonardo Sciascia,2000-10-31,2000,#20181B,black,#111312
9780940322493,Alfred and Guinevere,James Schuyler,2000-11-30,2000,#D1C380,tan,#4F3B2C
9780940322806,Eustace and Hilda,L.P. Hartley,2001-01-08,2001,#76E4D7,turquoise,#C0C9B5
9780940322646,A House and Its Head,Ivy Compton-Burnett,2001-02-28,2001,#0054AD,indigo,#F2E8D7
9780940322639,Manservant and Maidservant,Ivy Compton-Burnett,2001-02-28,2001,#0057AA,indigo,#086260
9780940322295,The Fox in the Attic,Richard Hughes,2001-02-28,2001,#FDFFFE,white,#272727
9780940322684,The Haunted Looking Glass,Edward Gorey,2001-02-28,2001,,,#24111C
9780940322622,Hadrian the Seventh,Fr. Rolfe,2001-03-31,2001,#B20044,brown,#E1E1E1
9780940322653,Madame de Pompadour,Nancy Mitford,2001-03-31,2001,#E05C5F,brown,#1B1B22
9780940322615,The Quest for Corvo,A.J.A. Symons,2001-03-31,2001,#1F191B,black,#E8D4D0
9780940322608,The Root and the Flower,L.H. Myers,2001-03-31,2001,#42007C,indigo,#D1A338
9780940322707,Letty Fox,Christina Stead,2001-04-30,2001,#231E1D,black,#DF9F22
9780940322660,The Anatomy of Melancholy,Robert Burton,2001-04-30,2001,#00D9BE,turquoise,#090507
9780940322738,The Exploits and Adventures of Brigadier Gerard,Sir Arthur Conan Doyle,2001-04-30,2001,#4D5650,gray,#5D5853
9780940322578,The Golovlyov Family,Shchedrin,2001-05-31,2001,#FFE996,tan,#5E3242
9780940322585,The Radiance of the King,Camara Laye,2001-05-31,2001,#F01928,red,#28253A
9780940322790,"A Way of Life, Like Any Other",Darcy O'Brien,2001-08-31,2001,#FFEA58,gold,#D5D1CF
9780940322783,Seduction and Betrayal,Elizabeth Hardwick,2001-08-31,2001,#D6002C,brown,#353747
9780940322721,Sleepless Nights,Elizabeth Hardwick,2001-08-31,2001,#FA0060,brown,#DEE3E7
9780940322844,As a Man Grows Older,Italo Svevo,2001-09-30,2001,#009CCF,teal,#565656
9780940322776,"Renoir, My Father",Jean Renoir,2001-09-30,2001,#EDA450,orange,#555B5F
9780940322820,The Autobiography of an Unknown Indian,Nirad C. Chaudhuri,2001-09-30,2001,#CCEFA3,beige,#6F5D50
9780940322882,An African in Greenland,Tété-Michel Kpomassie,2001-10-31,2001,#515952,gray,#C1BEB9
9780940322714,Letters: Summer 1926,Boris Pasternak,2001-10-31,2001,#EB6800,orange,#97ABAB
9780940322851,The Selected Works of Cesare Pavese,Cesare Pavese,2001-10-31,2001,#A70003,brown,#52504F
9780940322899,The Life of Henry Brulard,Stendhal,2001-12-31,2001,#A4A5A9,gray,#ECE3D2
9780940322974,Mawrdew Czgowchwz,James McCourt,2002-01-02,2002,#FFDA6B,gold,#F7DBCB
9780940322912,The Adventures and Misadventures of Maqroll,Alvaro Mutis,2002-01-02,2002,#D57B56,brown,#56524F
9781590170151,The Middle of the Journey,Lionel Trilling,2002-01-09,2002,#FF0000,red,#203846
9780940322967,On the Yard,Malcolm Braly,2002-01-31,2002,#542B09,brown,#F0E2C6
9780940322981,Selected Stories of Robert Walser,Robert Walser,2002-01-31,2002,#283030,black,#ECECEB
9780940322998,The Go-Between,L.P. Hartley,2002-03-31,2002,#006432,green,#2E2C29
9781590170007,The Outcry,Henry James,2002-03-31,2002,#D6E3EA,white,#666A6C
9781590170038,A Book of Mediterranean Food,Elizabeth David,2002-04-30,2002,#FFDF66,gold,#E5E5E8
9780940322813,Letters from Russia,Astolphe de Custine,2002-04-30,2002,#130065,indigo,#E9E6DB
9781590170014,Miserable Miracle,Henri Michaux,2002-04-30,2002,#1F2C51,black,#E2DFCF
9781590170021,Riders in the Chariot,Patrick White,2002-04-30,2002,#191193,indigo,#C0D0BE
9781590170045,Summer Cooking,Elizabeth David,2002-04-30,2002,#FFE461,gold,#F0ECDC
9781590170069,Corrigan,Caroline Blackwood,2002-06-30,2002,#FF0006,red,#1A1A1A
9781590170076,Great Granny Webster,Caroline Blackwood,2002-06-30,2002,#FF0043,red,#1A1A1A
9780940322868,Mary Olivier,May Sinclair,2002-06-30,2002,#C00000,red,#5B6465
9781590170052,Randall Jarrell's Book of Stories,Randall Jarrell,2002-06-30,2002,#DADEF3,white,#DEDEE4
9781590170113,The New Life,Dante Alighieri,2002-07-31,2002,#89004E,purple,#ACA098
9781590170137,The Ten Thousand Things,Maria Dermout,2002-07-31,2002,#84003B,brown,#9FDFF7
9781590170144,The Unpossessed,Tess Slesinger,2002-08-31,2002,#FFD300,gold,#2B1E27
9781590170267,The Colour Out of Space,H.P. Lovecraft,2002-09-30,2002,#222224,black,#0D0C0E
9781590170175,The World of Odysseus,M. I. Finley,2002-09-30,2002,#20181B,black,#1C1415
9781590170229,Paris Stories,Mavis Gallant,2002-10-31,2002,#F90016,red,#ECEAEA
9781590170168,The Book of My Life,Girolamo Cardano,2002-10-31,2002,#7B2E00,brown,#F6D9C4
9781590170212,The Moon and the Bonfires,Cesare Pavese,2002-10-31,2002,#EA0000,red,#3F3F40
9781590170182,Troubles,J.G. Farrell,2002-10-31,2002,#004F5D,teal,#595959
9781590170199,A Sorrow Beyond Dreams,Peter Handke,2002-11-30,2002,#030106,black,#656365
9781590170274,In the Freud Archives,Janet Malcolm,2002-11-30,2002,#7EE6DB,turquoise,#EBD2B4
9781590170250,The Private Memoirs and Confessions of a Justified Sinner,James Hogg,2002-11-30,2002,#1A2036,black,#1E1E22
9781590170342,The Fountain Overflows,Rebecca West,2002-12-31,2002,#360597,indigo,#3D354D
9781590170281,Prisoner of Love,Jean Genet,2003-01-31,2003,#FF2000,red,#052848
9781590170304,We Always Treat Women Too Well,Raymond Queneau,2003-01-31,2003,#610035,purple,#E8E4E4
9781590170311,Witch Grass,Raymond Queneau,2003-01-31,2003,#610033,brown,#61605D
9781590170380,The Stuffed Owl,D.B. Wyndham Lewis,2003-04-30,2003,#005D47,teal,#F8EFE5
9781590170298,The Vet's Daughter,Barbara Comyns,2003-04-30,2003,#76E4D7,turquoise,#B0DFE5
9781590170335,To the Finland Station,Edmund Wilson,2003-04-30,2003,#FF5400,red,#435243
9781590170328,Walter Benjamin,Gershom Scholem,2003-04-30,2003,#320061,indigo,#CFC9BE
9781590170519,Fancies and Goodnights,John Collier,2003-05-31,2003,#327A2C,green,#4D702B
9781590170373,Shelley: The Pursuit,Richard Holmes,2003-05-31,2003,#610037,purple,#162016
9781590170366,In Parenthesis,David Jones,2003-07-31,2003,#9A0F00,brown,#E2E1F0
9781590170403,Peking Story,David Kidd,2003-07-31,2003,#55006C,indigo,#AA6C37
9781590170410,René Leys,Victor Segalen,2003-07-31,2003, #651800,brown,#695A51
9781590170663,Black Sun,Geoffrey Wolff,2003-08-31,2003,#241F20,black,#F4EFE8
9781590170434,Dirty Snow,Georges Simenon,2003-08-31,2003,#241F20,black,#1D2728
9781590170571,The Invention of Morel,Adolfo Bioy Casares,2003-08-31,2003,#FF0000,red,#E4CFD3
9781590170618,The Day of the Owl,Leonardo Sciascia,2003-09-30,2003,#737176,gray,#030C0D
9781590170625,Equal Danger,Leonardo Sciascia,2003-10-31,2003,#20181B,black,#E83028
9781590170595,Monsieur Proust,Céleste Albaret,2003-10-31,2003,#4EDCE1,turquoise,#270907
9781590170441,Three Bedrooms in Manhattan,Georges Simenon,2003-10-31,2003,#0C0C0C,black,#221B19
9781590170700,The Tenants of Moonbloom,Edward Lewis Wallant,2003-11-30,2003,#A30043,brown,#F8EACF
9781590170588,The Towers of Trebizond,Rose MacAulay,2003-11-30,2003,#443F6A,gray,#575758
9781590170601,Varieties of Exile,Mavis Gallant,2003-11-30,2003,#F90016,red,#F2E3E1
9781590170656,My Century,Aleksander Wat,2003-12-31,2003,#F30000,red,#A6A591
9781590170670,The World I Live In,Helen Keller,2004-01-31,2004,#AAABAF,gray,#2E2C2A
9781590170793,American Humor,Constance Rourke,2004-02-29,2004,#FFB100,orange,#D5D6C6
9781590170786,The Ivory Tower,Henry James,2004-02-29,2004,#DEE4E8,white,#161519
9781590170823,Paris and Elsewhere,Richard Cobb,2004-03-31,2004,#FFAA00,orange,#03262E
9781590170809,The Gallery,John Horne Burns,2004-03-31,2004,#A68400,orange,#1F1609
9781590170816,Apartment in Athens,Glenway Wescott,2004-04-30,2004,#FF0000,red,#1F2427
9781590170861,Envy,Yuri Olesha,2004-05-31,2004,#AADB83,tan,#273022
9781590170847,Nights in the Gardens of Brooklyn,Harvey Swados,2004-05-31,2004,#AAE585,green,#0D1E13
9781590170878,Part of Our Time,Murray Kempton,2004-05-31,2004,#A77F38,tan,#1B1911
9781590170830,The Moro Affair,Leonardo Sciascia,2004-05-31,2004,#8E8F94,gray,#081C2A
9781590170649,The Case of Comrade Tulayev,Victor Serge,2004-06-30,2004,#403291,indigo,#343434
9781590171219,Boredom,Alberto Moravia,2004-07-31,2004,#EBC900,gold,#E5D8A3
9781590171226,Contempt,Alberto Moravia,2004-07-31,2004,#FFC500,gold,#665F52
9781590170960,Monsieur Monde Vanishes,Georges Simenon,2004-07-31,2004,#160807,black,#54615B
9781590170946,The Diary of a Rapist,Evan S. Connell,2004-07-31,2004,#E9DC5D,gold,#947C92
9781590170922,The Siege of Krishnapur,J.G. Farrell,2004-07-31,2004,#004F5D,teal,#271113
9781590170892,W. H. Auden's Book of Light Verse,W. H. Auden,2004-07-31,2004,#848100,green,#A1A3A0
9781590170953,Asleep in the Sun,Adolfo Bioy Casares,2004-08-31,2004,#8E3B00,brown,#ED3246
9781590170632,Moravagine,Blaise Cendrars,2004-08-31,2004,#B1000D,brown,#8DA8C8
9781590170908,The Bog People,P.V. Glob,2004-08-31,2004,#FF6500,red,#655951
9781590170915,The Selected Poems of Osip Mandelstam,Osip Mandelstam,2004-08-31,2004,#FFDE98,tan,#575A56
9781590171127,Cassandra at the Wedding,Dorothy Baker,2004-09-30,2004,#FF4D00,red,#97341A
9781590171103,Hons and Rebels,Jessica Mitford,2004-09-30,2004,#DD7B40,brown,#665C55
9781590171097,Indian Summer,William Dean Howells,2004-09-30,2004,#BD5D00,orange,#1F1818
9781590170939,Memoirs of Hecate County,Edmund Wilson,2004-09-30,2004,#1D0060,indigo,#221E2A
9781590170854,The Furies,Janet Hobhouse,2004-09-30,2004,#A23B34,brown,#B5CD69
9781590171141,The Inferno of Dante Alighieri,Dante Alighieri,2004-10-31,2004,#00416F,black,#23212E
9781590171080,The Year of the French,Thomas Flanagan,2004-10-31,2004,#942145,brown,#101C16
9781590171165,Flaubert and Madame Bovary,Francis Steegmuller,2004-11-30,2004,#7F134D,purple,#585C5E
9781590171158,The Late Mattia Pascal,Luigi Pirandello,2004-11-30,2004,#4D4700,gray,#DCD6B6
9781590171325,The Life of Lazarillo de Tormes,W. S. Merwin,2004-12-31,2004,#FF9B2B,orange,#38474C
9781590171332,The Peregrine,J. A. Baker,2004-12-31,2004,#353F41,black,#FCF8F3
9781590171349,Blood on the Forge,William Attaway,2005-01-31,2005,#8D0000,brown,#270A06
9781590171172,The Child,Jules Valles,2005-01-31,2005,#FFA8C4,pink,#0D0E17
9781590171202,The Lord Chandos Letter,Hugo Von Hofmannsthal,2005-01-31,2005,#520405,brown,#3D4447
9781590171363,The Singapore Grip,J.G. Farrell,2005-01-31,2005,#004B54,teal,#2B2728
9781590171653,A Time of Gifts,Patrick Leigh Fermor,2005-03-10,2005,#275F00,green,#7B9088
9781590171660,Between the Woods and the Water,Patrick Leigh Fermor,2005-03-10,2005,#CAF687,beige,#A8C6D1
9781590171387,Count D'Orgel's Ball,Raymond Radiguet,2005-03-31,2005,#3C1973,indigo,#221D1E
9781590171455,War and the Iliad,Simone Weil,2005-03-31,2005,#8D0000,brown,#A6AAAD
9781590171424,Anglo-Saxon Attitudes,Angus Wilson,2005-04-30,2005,#710047,purple,#6C5466
9781590171479,Kaputt,Curzio Malaparte,2005-06-30,2005,#7C5948,gray,#171119
9781590171394,"Memed, My Hawk",Yashar Kemal,2005-06-30,2005,#FF7000,orange,#0E0710
9781590171356,The Crisis of the Negro Intellectual,Harold Cruse,2005-06-30,2005,#20181B,black,#1F1D1D
9781590171486,The Notebooks of Joseph Joubert,Joseph Joubert,2005-06-30,2005,#53154E,purple,#342221
9781590171462,The Thirty Years War,C. V. Wedgwood,2005-06-30,2005,#FF0000,red,#1D191B
9781590171639,Jejuri,Arun Kolatkar,2005-07-11,2005,#FFAE00,orange,#F6AA0F
9781590171493,The Man Who Watched Trains Go By,Georges Simenon,2005-07-11,2005,#090A0E,black,#0F0B0C
9781590171684,Shakespeare,Mark Van Doren,2005-08-31,2005,#712400,brown,#E1C999
9781590171646,The Stalin Front,Gert Ledig,2005-08-31,2005,#5F638C,gray,#272828
9781590171110,Tropic Moon,Georges Simenon,2005-08-31,2005,#20181B,black,#191F25
9781590171691,Chess Story,Stefan Zweig,2005-09-12,2005,#520004,brown,#1C1814
9781590171516,Mouchette,Georges Bernanos,2005-11-21,2005,#D7EEC6,beige,#AAABAA
9781590171615,Warlock,Oakley Hall,2005-11-21,2005,#20181B,black,#1E1B14
9781590171622,The New York Stories of Henry James,Henry James,2005-11-30,2005,#DBE4EC,white,#342B2B
9781590171677,What's for Dinner?,James Schuyler,2005-12-22,2005,#FFD000,gold,#8A9939
9781590171790,"English, August",Upamanyu Chatterjee,2006-04-04,2006,#FFB400,orange,#140B08
9781590171912,The Stray Dog Cabaret,translated by Paul Schmidt,2006-05-12,2006,#20181B,black,#120E0E
9781590171899,Conundrum,Jan Morris,2006-05-16,2006,,,#FBFBFB
9781590172018,Life and Fate,Vasily Grossman,2006-05-16,2006,#00423B,teal,#F9F2EC
9781590171882,Mani,Patrick Leigh Fermor,2006-06-06,2006,#FFFFFF,white,#E7EDEE
9781590171875,Roumeli,Patrick Leigh Fermor,2006-06-06,2006,#0070B5,gray,#656566
9781590172001,Beware of Pity,Stefan Zweig,2006-06-20,2006,#50183B,black,#AA9D8E
9781590171998,Stoner,John Williams,2006-06-20,2006,#002458,black,#09080B
9781590171936,Red Lights,Georges Simenon,2006-07-18,2006,#000000,black,#1E1112
9781590171813,The Big Clock,Kenneth Fearing,2006-07-18,2006,#010000,black,#1C0F15
9781590172155,The Jeffersonian Transformation,Henry Adams,2006-09-19,2006,#D4D900,yellow,#9F6056
9781590172186,A Savage War of Peace,Alistair Horne,2006-10-10,2006,#4C3C30,black,#272625
9781590171783,Love in a Fallen City,Eileen Chang,2006-10-10,2006,#040407,black,#120C12
9781590171820,Clark Gifford's Body,Kenneth Fearing,2006-10-17,2006,#80006C,purple,#0C629D
9781590171943,The Strangers in the House,Georges Simenon,2006-10-24,2006,#000000,black,#2C2728
9781590171905,Pages from the Goncourt Journals,Edmond and Jules de Goncourt,2006-11-14,2006,#357200,green,#D5AF64
9781590171851,They Burn the Thistles,Yashar Kemal,2006-11-21,2006,#C44E00,brown,#B6A8A8
9781590172131,Born Under Saturn,Rudolf and Margot Wittkower,2006-11-28,2006,#760000,brown,#664C51
9781590171981,Butcher's Crossing,John Williams,2007-01-16,2007,#004103,green,#454220
9781590172193,Dante,Erich Auerbach,2007-01-16,2007,#030406,black,#A55E54
9781590172490,The Goshawk,T. H. White,2007-02-10,2007,#373E2F,black,#A19F91
9781590172209,The Slaves of Solitude,Patrick Hamilton,2007-02-20,2007,#00A88D,turquoise,#282122
9781590172223,That Awful Mess on the Via Merulana,Carlo Emilio Gadda,2007-02-27,2007,#910020,brown,#D14543
9781590172254,The Enchanted April,Elizabeth von Arnim,2007-03-04,2007,#FF0000,red,#0B1807
9781590172315,The Education Of A Gardener,Russell Page,2007-03-07,2007,#00593D,teal,#0F211A
9781590172469,Memoirs of an Anti-Semite,Gregor von Rezzori,2007-04-12,2007,#132D10,black,#E3DCAB
9781590172544,Soul,Andrey Platonov,2007-04-12,2007,#F57A00,orange,#69514E
9781590171967,The Slynx,Tatyana Tolstaya,2007-04-17,2007,#640B00,brown,#CDA659
9781590171974,White Walls,Tatyana Tolstaya,2007-04-17,2007,#FDEBF3,white,#BEC4C1
9781590172322,The Dud Avocado,Elaine Dundy,2007-05-06,2007,#007805,green,#E6E3E2
9781590171844,Memoirs of Montparnasse,John Glassco,2007-05-29,2007,#99C2E5,gray,#060607
9781590172285,The Engagement,Georges Simenon,2007-06-03,2007,#2D2A23,black,#555456
9781590172421,All About H. Hatterr,G. V. Desani,2007-06-11,2007,#FFC7CC,pink,#4B6BAE
9781590172438,Rogue Male,Geoffrey Household,2007-06-11,2007,#080747,indigo,#ECECE9
9781590171868,Sunflower,Gyula Krudy,2007-08-14,2007,#070207,black,#161112
9781590172308,Novels in Three Lines,Felix Feneon,2007-08-21,2007,#950000,brown,#4E2B1E
9781590172483,The New York Stories of Edith Wharton,Edith Wharton,2007-09-10,2007,#9DEE2E,yellow,#DCD6C9
9781590172339,The Book of Ebenezer Le Page,G. B. Edwards,2007-10-07,2007,#7D2400,brown,#C9916C
9781590172445,A Time to Keep Silence,Patrick Leigh Fermor,2007-10-30,2007,#C0E199,beige,#0D1921
9781590172735,Names on the Land,George R. Stewart,2008-01-07,2008,#023386,indigo,#F6C87A
9781590172292,"Sheppard Lee, Written by Himself",Robert Montgomery Bird,2008-01-15,2008,#003A43,black,#423E37
9781590172575,Poems of the Late T'ang,A. C. Graham,2008-01-22,2008,#000B29,black,#6E532F
9781590172810,The Snows of Yesteryear,Gregor von Rezzori,2008-02-12,2008,#800018,brown,#161410
9781590172568,Twenty Thousand Streets Under the Sky,Patrick Hamilton,2008-02-19,2008,#00A163,green,#221617
9781590172476,Unforgiving Years,Victor Serge,2008-02-19,2008,#2F3520,black,#1F170F
9781590172612,The Widow,Georges Simenon,2008-03-25,2008,#251E1D,black,#212121
9781590172667,Belchamber,Howard Sturgis,2008-04-03,2008,#950000,brown,#785A58
9781590172629,The Post-Office Girl,Stefan Zweig,2008-04-15,2008,#006073,teal,#5E4439
9781590172599,Afloat,Guy de Maupassant,2008-04-29,2008,#3F0738,purple,#F3B262
9781590172711,My Fantoms,Theophile Gautier,2008-05-08,2008,#C2002D,brown,#A31D28
9781590172773,Stones of Aran: Pilgrimage,Tim Robinson,2008-05-08,2008,#002A66,indigo,#171014
9781590172797,The Family Mashber,Der Nister,2008-05-20,2008,#7DE6CD,turquoise,#051C1E
9781590172681,The Summer Book,Tove Jansson,2008-05-20,2008,#FF0000,red,#F8FAE9
9781590172742,The Queue,Vladimir Sorokin,2008-07-10,2008,#BBF783,green,#DCEFF0
9781590172964,Miami and the Siege of Chicago,Norman Mailer,2008-07-15,2008,#D8D9DD,white,#252525
9781590172698,Inverted World,Christopher Priest,2008-07-22,2008,#580028,brown,#2F2B2C
9781590172704,Victorine,Maude Hutchins,2008-08-19,2008,#500079,indigo,#D0A599
9781590172537,Grief Lessons,Euripides,2008-09-16,2008,#D00000,red,#66645D
9781590172858,Rock Crystal,Adalbert Stifter,2008-09-16,2008,#061D5E,indigo,#020D1F
9781590172834,The Liberal Imagination,Lionel Trilling,2008-09-23,2008,#00953A,green,#595A5C
9781590172865,Ringolevio,Emmett Grogan,2008-10-14,2008,#E0D800,gold,#191617
9781590172827,Defeat,Philippe-Paul de Ségur,2008-10-21,2008,#3B005B,indigo,#B3CBEB
9781590172889,Don't Look Now,Daphne Du Maurier,2008-10-28,2008,#FF6A00,red,#9A2F1D
9781590172582,A Journey Round My Skull,Frigyes Karinthy,2008-11-03,2008,#004F2F,teal,#05161E
9781590172896,Pinocchio,Carlo Collodi,2008-11-18,2008,#852900,brown,#715450
9781590172926,The Chrysalids,John Wyndham,2008-11-18,2008,#FFDA00,gold,#CB4F45
9781590172728,In Hazard,Richard Hughes,2008-12-08,2008,#E39100,orange,#211E1A
9781590172605,Alien Hearts,Guy de Maupassant,2009-01-12,2009,#730046,purple,#DBB9B0
9781590173282,Everything Flows,Vasily Grossman,2009-01-12,2009,#FF0000,red,#E1E1E3
9781590173015,The Rider on the White Horse,Theodor Storm,2009-01-27,2009,#004B5D,teal,#A2AD96
9781590173138,The One-Straw Revolution,Masanobu Fukuoka,2009-02-06,2009,#FFFFFF,white,#017646
9781590173046,Chaos and Night,Henry de Montherlant,2009-02-17,2009,#003930,black,#22272E
9781590173039,School for Love,Olivia Manning,2009-03-02,2009,#6DE6B4,turquoise,#A6A298
9781590173060,"Short Letter, Long Farewell",Peter Handke,2009-03-31,2009,#E3C774,tan,#312C21
9781590173077,Slow Homecoming,Peter Handke,2009-03-31,2009,#B9CAEB,white,#C4AE54
9781590173022,Season of Migration to the North,Tayeb Salih,2009-04-14,2009,#AB003A,brown,#523C4D
9781590173053,The Foundation Pit,Andrei Platonov,2009-04-21,2009,#7C0008,brown,#635C5C
9781590173121,The Complete Fiction,Francis Wyndham,2009-05-05,2009,#0B2474,indigo,#E7DFD6
9781590173190,Memories of the Future,Sigizmund Krzhizhanovsky,2009-06-10,2009,#FF0000,red,#664C2D
9781590173237,Poem Strip including an Explanation of the Afterlife,Dino Buzzati,2009-06-10,2009,#DEF5EB,white,#F7F9E9
9781590173169,Summer Will Show,Sylvia Townsend Warner,2009-06-16,2009,#780000,brown,#382617
9781590173176,The Old Man and Me,Elaine Dundy,2009-06-16,2009,#137C00,green,#343234
9781590173183,Niki,Tibor Dery,2009-07-07,2009,#762D3F,brown,#563B33
9781590173244,Hard Rain Falling,Don Carpenter,2009-08-09,2009,#A6847D,gray,#2E221D
9781590173145,Stones of Aran: Labyrinth,Tim Robinson,2009-08-09,2009,#211D51,black,#5A616A
9781590173299,The True Deceiver,Tove Jansson,2009-08-12,2009,#002243,black,#FAF6F1
9781590173275,The Cost of Living,Mavis Gallant,2009-09-29,2009,#F7001A,red,#E3E2E2
9781590173008,A Meaningful Life,L. J. Davis,2009-10-03,2009,#C00000,red,#DBEEEA
9781590173268,No Tomorrow,Vivant Denon,2009-10-13,2009,#FE0002,red,#242119
9781590173220,The Way of the World,Nicolas Bouvier,2009-10-27,2009,#5B0027,brown,#DFDFDF
9781590173213,"The Journal of Henry David Thoreau, 1837-1861",Henry David Thoreau,2009-11-24,2009, #FFBB34,yellow,#ECB552
9781590172872,The New York Stories of Elizabeth Hardwick,Elizabeth Hardwick,2010-01-06,2010,#00579F,indigo,#B0B0CB
9781590173312,Fortunes of War: The Balkan Trilogy,Olivia Manning,2010-01-19,2010,#00306D,indigo,#A65828
9781590173350,Wish Her Safe At Home,Stephen Benatar,2010-01-19,2010,#FFE7E1,white,#130C0A
9781590173367,Original Letters from India,Eliza Fay,2010-02-02,2010,#70006B,purple,#BEB2B3
9781590173398,Skylark,Dezso Kosztolanyi,2010-02-03,2010,#70A3A3,teal,#D8CBA3
9781590173428,The Wedding of Zein,Tayeb Salih,2010-02-03,2010,#DFF3B9,beige,#0E080B
9781590173381,Poets in a Landscape,Gilbert Highet,2010-03-16,2010,#98000F,brown,#1C1913
9781590173305,Soul of Wood,Jakov Lind,2010-05-01,2010,#C5000E,red,#FAFAFA
9781590173480,Nightmare Alley,William Lindsay Gresham,2010-06-04,2010,#231E1E,black,#1A1718
9781590173404,Clandestine in Chile,Gabriel Garcia Marquez,2010-06-07,2010,#FF4F00,red,#18181A
9781590173466,The Long Ships,Frans G. Bengtsson,2010-06-07,2010,#E80000,red,#1E1C19
9781590173497,The Lonely Passion of Judith Hearne,Brian Moore,2010-06-15,2010,#C9E6BA,beige,#2B2C23
9781590173503,The Murderess,Alexandros Papadiamantis,2010-06-15,2010,#007372,teal,#E2E2B2
9781590173558,Poison Penmanship,Jessica Mitford,2010-07-09,2010,#681121,brown,#ECE9D7
9781590173640,Nature Stories,Jules Renard,2010-07-12,2010,#72CF3D,green,#FEFFFF
9781590173251,The Jokers,Albert Cossery,2010-07-13,2010,#EFE8C5,beige,#CFC7AD
9781590173510,Pedigree,Georges Simenon,2010-07-20,2010,#20181B,black,#453225
9781590174142,My Dog Tulip,J.R. Ackerley,2010-08-24,2010,#ADA795,tan,#A5AEAE
9781590173633,After Claude,Iris Owens,2010-09-11,2010,#00213B,black,#E0DBE3
9781590173626,Tun-huang,Yasushi Inoue,2010-09-11,2010,#D00000,red,#B1906E
9781590173619,The Road,Vasily Grossman,2010-09-28,2010,#20181B,black,#191818
9781590173527,The Mountain Lion,Jean Stafford,2010-10-08,2010,#B10054,brown,#97A8D8
9781590173596,The Outward Room,Millen Brand,2010-10-19,2010,#A70000,brown,#632512
9781590173671,Journey Into the Past,Stefan Zweig,2010-11-23,2010,#D35100,red,#0E0610
9781590173602,The World as I Found It,Bruce Duffy,2010-12-10,2010,#305E5A,teal,#252316
9781590174531,Alice James,Jean Strouse,2011-01-11,2011,#8C000C,brown,#C99267
9781590173749,Irretrievable,Theodor Fontane,2011-02-15,2011,#282E31,black,#1F2E32
9781590173473,A Posthumous Confession,Marcellus Emants,2011-02-22,2011,#DF0000,red,#453529
9781590173770,Dancing Lessons for the Advanced in Age,Bohumil Hrabal,2011-03-05,2011,#FF0000,red,#171913
9781590173787,Fair Play,Tove Jansson,2011-03-15,2011,#FF1A00,red,#181822
9781590173862,Ice Trilogy,Vladimir Sorokin,2011-03-15,2011,#002A51,black,#9A9FAC
9781590173848,The Three Christs of Ypsilanti,Milton Rokeach,2011-04-19,2011,#6C0032,brown,#EFECE9
9781590173817,Fatale,Jean-Patrick Manchette,2011-04-26,2011,#A8E8CE,turquoise,#27240E
9781590173824,The Pumpkin Eater,Penelope Mortimer,2011-04-26,2011,#C3BADD,pink,#423A42
9781590173794,Songs of Kabir,Kabir,2011-05-04,2011,#AFE586,beige,#020404
9781590173657,Love's Work,Gillian Rose,2011-05-31,2011,#EDCF00,gold,#B6B5B3
9781590174449,The Mirador,Elisabeth Gille,2011-06-09,2011,#003D5D,black,#675E50
9781590174500,The Letter Killers Club,Sigizmund Krzhizhanovsky,2011-06-12,2011,#6E4E5D,gray,#A0A19B
9781590173756,When The World Spoke French,Marc Fumaroli,2011-06-14,2011,#FF7E6D,brown,#EAE8CC
9781590174463,Reveille in Washington,Margaret Leech,2011-07-06,2011,#2C2E43,black,#DADCDE
9781590174524,The Judges of the Secret Court,David Stacton,2011-07-06,2011,#E40001,red,#D9D8D3
9781590173831,The Doll,Boleslaw Prus,2011-08-02,2011,#F8064B,brown,#493B47
9781590173954,We Think the World of You,J. R. Ackerley,2011-08-03,2011,#005158,teal,#EFE6DA
9781590174456,The Adventures of Sindbad,Gyula Krudy,2011-08-11,2011,#5E1648,purple,#1F1F1F
9781590174586,Mr. Fortune,Sylvia Townsend Warner,2011-08-16,2011,#611345,purple,#0E101E
9781590174579,The Pilgrim Hawk,Glenway Wescott,2011-08-16,2011,#00274B,black,#4F4332
9781590174555,The Radiance of the King,Camara Laye,2011-08-16,2011,#FF7C00,orange,#A2A2A2
9781590174494,Hav,Jan Morris,2011-08-30,2011,#FF2700,red,#635B6A
9781590174487,The Mangan Inheritance,Brian Moore,2011-09-08,2011,#303C47,black,#202020
9781590174869,Dime-Store Alchemy,Charles Simic,2011-09-20,2011,,,#012344
9781590173855,Act of Passion,Georges Simenon,2011-10-18,2011,#20181B,black,#636467
9781590174432,Red Shift,Alan Garner,2011-10-25,2011,#FF0000,red,#ED262E
9781590173664,Conquered City,Victor Serge,2011-11-01,2011,#F54800,red,#045BA2
9781590173800,The Traveller's Tree,Patrick Leigh Fermor,2011-11-01,2011,#BFE295,beige,#F4F2E2
9781590174470,Masscult and Midcult,Dwight Macdonald,2011-11-10,2011,#5C005B,purple,#C9C7CC
9781590174425,Proud Beggars,Albert Cossery,2011-12-27,2011,#4E2400,brown,#D6DBDA
9781590174517,Memoirs of a Revolutionary,Victor Serge,2012-01-05,2012,#C00000,red,#5F5C5C
9781590174944,Store of the Worlds,Robert Sheckley,2012-01-05,2012,#30003A,purple,#E9E4E6
9781590174906,Walkabout,James Vance Marshall,2012-01-17,2012,#7C0000,brown,#2C1910
9781590174548,Berlin Stories,Robert Walser,2012-01-24,2012,#1B2C27,black,#201F1C
9781590175750,Lucky Jim,Kingsley Amis,2012-02-10,2012,#79000F,brown,#A4D88B
9781590175767,The Old Devils,Kingsley Amis,2012-02-10,2012,#C4B710,gold,#F6F5EF
9781590175835,The Other,Thomas Tryon,2012-02-10,2012,#B6E500,yellow,#141415
9781590174968,A Game of Hide and Seek,Elizabeth Taylor,2012-02-14,2012,#000000,black,#181818
9781590174975,Angel,Elizabeth Taylor,2012-02-14,2012,#FF5F00,red,#2B1A1F
9781590174951,The Expendable Man,Dorothy B. Hughes,2012-03-07,2012,#E0DE00,yellow,#08070E
9781590174920,Amsterdam Stories,Nescio,2012-03-20,2012,#02183C,black,#66686B
9781590175873,The Gate,Natsume Soseki,2012-04-12,2012,#7E3154,brown,#68584F
9781590174999,Confusion,Stefan Zweig,2012-05-29,2012,#E0CF5A,gold,#14160D
9781590175842,Going to the Dogs,Erich Kästner,2012-06-11,2012,#410039,purple,#2E0E2C
9781590175804,The Stammering Century,Gilbert Seldes,2012-06-11,2012,#DB0000,red,#B83234
9781590175781,Voltaire in Love,Nancy Mitford,2012-06-11,2012,#75102E,brown,#EAD6CA
9781590174890,Ride a Cockhorse,Raymond Kennedy,2012-06-19,2012,#006D9D,teal,#21100E
9781590174883,Religio Medici and Urne-Buriall,Sir Thomas Browne,2012-07-08,2012,#EB3C00,red,#181C16
9781590173763,Dead Souls,Nikolai Gogol,2012-07-17,2012,#FF2928,red,#130C0C
9781590174913,The Sun King,Nancy Mitford,2012-08-05,2012,#FFDD00,gold,#FCE797
9781590174982,Tyrant Banderas,Ramon del Valle-Inclan,2012-08-14,2012,#FFC000,gold,#170D15
9781590176016,Cassandra at the Wedding,Dorothy Baker,2012-08-21,2012,#FF4D00,red,#97341A
9781590173411,An Ermine in Czernopol,Gregor von Rezzori,2012-10-01,2012,#00AA91,turquoise,#161D25
9781590175811,Growing Up Absurd,Paul Goodman,2012-11-09,2012,#FFFFFD,white,#2E302F
9781590175774,Young Man with a Horn,Dorothy Baker,2012-11-09,2012,#FF3F00,red,#1C1110
9781590175859,Happy Moscow,Andrey Platonov,2012-11-13,2012,#FFCD00,gold,#170E12
9781590175828,Basti,Intizar Husain,2012-12-26,2012,#2B0F16,black,#2B1C27
9781590176184,An Armenian Sketchbook,Vasily Grossman,2013-02-19,2013,#BF0000,red,#3A2D29
9781590176726,A Schoolboy's Diary and Other Stories,Robert Walser,2013-03-09,2013,#380070,indigo,#FCFBF2
9781590176702,Autobiography of a Corpse,Sigizmund Krzhizhanovsky,2013-03-12,2013,#E5D600,gold,#16110B
9781590176146,Pitch Dark,Renata Adler,2013-03-19,2013,#001A3C,black,#F2F2DD
9781590176139,Speedboat,Renata Adler,2013-03-19,2013,#770000,brown,#F36062
9781590174937,We Have Only This Life to Live,Jean-Paul Sartre,2013-04-06,2013,#C7C39B,tan,#5E5E61
9781590176221,The Skin,Curzio Malaparte,2013-05-11,2013,#D10000,red,#C91F1B
9781590176245,The Unrest-Cure and Other Stories,Saki,2013-06-18,2013,,,#D2C5BC
9781590176177,The Alteration,Kingsley Amis,2013-07-05,2013,#C1AA00,gold,#ECE7DD
9781590176160,The Green Man,Kingsley Amis,2013-07-05,2013,#460000,brown,#F9FCF2
9781590176252,Transit,Anna Seghers,2013-07-05,2013,#691E2A,brown,#DFBCA3
9781590176238,Frederick the Great,Nancy Mitford,2013-07-23,2013,#C01F06,brown,#24201C
9781590176665,In Love,Alfred Hayes,2013-07-23,2013,#6F0024,brown,#5B5E58
9781590176672,My Face for the World to See,Alfred Hayes,2013-07-23,2013,#6F0025,brown,#1C1E1C
9781590176207,The Hall of Uselessness,Simon Leys,2013-07-30,2013,#FFD76B,gold,#212221
9781590176023,Testing the Current,William McPherson,2013-08-01,2013,#8B4E00,brown,#DDE0D1
9781590176689,The Black Spider,Jeremias Gotthelf,2013-08-10,2013,#1E1412,black,#180C0A
9781590176801,The Bridge of Beyond,Simone Schwarz-Bart,2013-08-20,2013,#D3D4D3,white,#D9DAD9
9781590176191,The Crisis of the European Mind,Paul Hazard,2013-09-04,2013,#CBEDFE,white,#2E4547
9781590176634,"Girl, 20",Kingsley Amis,2013-09-17,2013,#7B000C,brown,#F9FAED
9781590176627,One Fat Englishman,Kingsley Amis,2013-09-17,2013,#680F14,brown,#F0EE9B
9781590177068,Fighting for Life,S. Josephine Baker,2013-09-24,2013,#AED399,beige,#1E1C1D
9781590176214,Proper Doctoring,David Mendel,2013-09-24,2013,#B10000,brown,#1D1513
9781590176467,Turtle Diary,Russell Hoban,2013-11-06,2013,#F00000,red,#D4C3A3
9781590175866,Diary of a Man in Despair,Friedrich Reck,2013-12-02,2013,#FFCF00,gold,#5D584C
9781590176641,The Human Comedy,Honore de Balzac,2014-01-21,2014,#FFB82D,orange,#231C0F
9781590177624,Conversations with Beethoven,Sanford Friedman,2014-02-09,2014,#850000,brown,#EDDCC3
9781590177242,The Captain's Daughter,Alexander Pushkin,2014-02-09,2014,#A20000,brown,#C4BBC0
9781590177617,Totempole,Sanford Friedman,2014-02-09,2014,#DADA5E,gold,#DDDAD2
9781590177655,Tristana,Benito Perez Galdos,2014-02-12,2014,#001836,black,#1B2020
9781590177259,Last Words from Montmartre,Qiu Miaojin,2014-03-06,2014,#7B6D6B,gray,#021421
9781590177648,In the Heart of the Heart of the Country,William H. Gass,2014-04-11,2014,#00478C,indigo,#15A7C9
9781590177150,During the Reign of the Queen of Persia,Joan Chase,2014-04-15,2014,#C50000,red,#AF724A
9781590178096,The Burning of the World,Bela Zombory-Moldovan,2014-05-08,2014,#FF5138,red,#D8CDB5
9781590177167,Fear,Gabriel Chevallier,2014-05-20,2014,#D2DA00,yellow,#1C1913
9781590177198,The Professor and the Siren,Giuseppe Tomasi di Lampedusa,2014-06-17,2014,#401C4B,purple,#050305
9781590177730,Journey by Moonlight,Antal Szerb,2014-07-10,2014,#0D0023,black,#1F1F22
9781590177204,The Mad and the Bad,Jean-Patrick Manchette,2014-07-15,2014,#FF7300,orange,#A31014
9781590177228,Shakespeare's Montaigne,Michel de Montaigne,2014-08-04,2014,#FFE599,tan,#1E2824
9781590176719,The Gray Notebook,Josep Pla,2014-08-04,2014,#FF0000,red,#E0AA41
9781590177235,Agostino,Alberto Moravia,2014-08-07,2014,#004C48,teal,#16312E
9781590178218,Augustus,John Williams,2014-08-19,2014,#707C96,gray,#DEDFE3
9781590177273,You'll Enjoy It When You Get There,Elizabeth Taylor,2014-09-23,2014,#577E1E,green,#0C0C07
9781590177815,On the Abolition of All Political Parties,Simone Weil,2014-09-30,2014,#0D0023,black,#0E0A1A
9781590177211,Fortunes of War: The Levant Trilogy,Olivia Manning,2014-10-06,2014,#682920,brown,#D4D4D6
9781590177662,The Woman Who Borrowed Memories,Tove Jansson,2014-10-21,2014,#FF2700,red,#9EC2D5
9781590177181,On Being Blue,William H. Gass,2014-11-03,2014,#3C0071,indigo,#F9EDD5
9781590177266,The Use of Man,Aleksandar Tisma,2014-11-11,2014,#B60000,brown,#2B1D24
9781590177631,The Land Breakers,John Ehle,2014-11-25,2014,#55180D,brown,#262623
9781590177709,Midnight in the Century,Victor Serge,2014-12-16,2014,#5B003E,purple,#2B2A32
9781590177792,The Broken Road,Patrick Leigh Fermor,2015-01-20,2015,#FFDD68,gold,#3D3830
9781590177716,The Door,Magda Szabo,2015-01-27,2015,#D8DDDF,white,#E3E0DD
9781590177679,Thus Were Their Faces,Silvina Ocampo,2015-01-27,2015,#99140C,brown,#AEA899
9781590178485,A View of the Harbour,Elizabeth Taylor,2015-02-06,2015,#064538,teal,#1F494A
9781590178287,The Prince of Minor Writers,Max Beerbohm,2015-02-06,2015,#FF8DA6,pink,#A0A1A5
9781590178263,A Legacy,Sybille Bedford,2015-03-03,2015,#C00000,red,#D1C1AF
9781590179048,The Cretan Runner,George Psychoundakis,2015-03-11,2015,#8FBDCE,gray,#CEB197
9781590178508,Onward and Upward in the Garden,Katharine S. White,2015-03-17,2015,#032512,black,#152411
9781590178607,Prometheus Bound,Aeschylus,2015-03-24,2015,#C6B541,gold,#271D17
9781590178249,Dear Illusion,Kingsley Amis,2015-04-08,2015,#D6F0ED,white,#F2F6EF
9781590177594,Ending Up,Kingsley Amis,2015-04-28,2015,#C3A900,gold,#F3F1EE
9781590177600,Take a Girl Like You,Kingsley Amis,2015-04-28,2015,#D6F0EE,white,#F2F3F2
9781590178423,The Death of Napoleon,Simon Leys,2015-05-05,2015,#01215C,indigo,#191817
9781590178904,Eve's Hollywood,Eve Babitz,2015-06-10,2015,#FF0071,brown,#1E1E1E
9781590179437,Shadows of Carcosa,H. P. Lovecraft,2015-06-10,2015,#000000,black,#050606
9781590179062,The Rim of Morning,William Sloane,2015-06-10,2015,#000000,black,#0C1218
9781590178348,Naked Earth,Eileen Chang,2015-06-16,2015,#444D58,gray,#DBDCD6
9781590178409,The Little Town Where Time Stood Still,Bohumil Hrabal,2015-06-30,2015,#024320,teal,#2A2820
9781590178447,Talk,Linda Rosenkrantz,2015-07-07,2015,#FFB400,orange,#ABA397
9781590178768,The Peach Blossom Fan,K'ung Shang-jen,2015-07-21,2015,#E70000,red,#BC4432
9781590178362,The Prank,Anton Chekhov,2015-07-28,2015,#BA0000,brown,#A65F65
9781590178928,Fat City,Leonard Gardner,2015-08-09,2015,#1E1A20,black,#222022
9781590178522,Chocky,John Wyndham,2015-08-18,2015,#CAEFFE,white,#463F46
9781590178300,Akenfield,Ronald Blythe,2015-09-22,2015,#FFDCA6,tan,#4D4637
9781590178966,Our Spoons Came from Woolworths,Barbara Comyns,2015-10-11,2015,#A20000,brown,#ACB4AC
9781590176658,A Memoir of the Warsaw Uprising,Miron Bialoszewski,2015-10-27,2015,#E70000,red,#2F2D2E
9781590178324,Henri Duchemin and His Shadows,Emmanuel Bove,2015-11-08,2015,#7E939E,gray,#181C1E
9781590178461,A School for Fools,Sasha Sokolov,2015-11-17,2015,#002A53,black,#B5BDB5
9781590179086,Dance to the Piper,Agnes De Mille,2015-11-24,2015,#404654,gray,#212121
9781590178942,Anti-Education,Friedrich Nietzsche,2015-12-15,2015,#DEEDA9,beige,#5B5A5B
9781590179147,The Seven Madmen,Roberto Arlt,2015-12-22,2015,#4B0F51,purple,#AEABB2
9781590179161,Black Wings Has My Angel,Elliott Chaze,2016-01-19,2016,#770000,brown,#1A1916
9781590179222,My Marriage,Jakob Wassermann,2016-01-26,2016,#33414E,gray,#070605
9781590179499,More Was Lost,Eleanor Perényi,2016-02-16,2016,#CD0000,red,#985626
9781590179772,English Renaissance Poetry,John Williams,2016-02-23,2016,#D5E895,beige,#525F57
9781590179451,Really the Blues,Mezz Mezzrow and Bernard Wolfe,2016-02-23,2016,#003251,black,#0B0B0C
9781590179512,Memories,Teffi,2016-03-05,2016,#0A2D7C,indigo,#232D2F
9781590179659,The Glory of the Empire,Jean d'Ormesson,2016-03-05,2016,#000100,black,#1D1510
9781590179963,"Tolstoy, Rasputin, Others, and Me",Teffi,2016-03-05,2016,#262C83,indigo,#D7D1C9
9781681370187,His Only Son,Leopoldo Alas,2016-04-10,2016,#FFA650,orange,#662817
9781590179871,A Fairly Good Time,Mavis Gallant,2016-04-26,2016,#D30029,brown,#575757
9781590179185,Hill,Jean Giono,2016-05-04,2016,#363800,black,#D9D7B9
9781590179475,Houses,Borislav Pekic,2016-05-04,2016,#392623,black,#A19A8E
9781681371122,Transit,Anna Seghers,2016-05-04,2016,#691E2A,brown,#DFBCA3
9781590179710,The Continuous Katherine Mortenhoe,D. G. Compton,2016-05-07,2016,#6D122D,brown,#EBEAEB
9781590178980,Existential Monday,Benjamin Fondane,2016-05-17,2016,#49522E,gray,#282828
9781681370224,The Sound of the One Hand,,2016-06-12,2016,#A81D6A,purple,#D1B0A3
9781590179697,A Visit to Don Otavio,Sybille Bedford,2016-06-21,2016,#FFB800,orange,#544F3B
9781590179673,Grand Hotel,Vicki Baum,2016-07-06,2016,#FFD143,gold,#C4BCAC
9781590179536,In the Café of Lost Youth,Patrick Modiano,2016-08-03,2016,#60232E,brown,#939497
9781590179550,Young Once,Patrick Modiano,2016-08-03,2016,#60232E,brown,#1D1C1E
9781590177174,Zama,Antonio di Benedetto,2016-08-23,2016,#7A0000,brown,#EEE4C7
9781681370088,"Slow Days, Fast Company",Eve Babitz,2016-08-30,2016,#000000,black,#F6AEB2
9781590179208,The Book of Blam,Aleksandar Tisma,2016-09-02,2016,#000004,black,#F0F0F0
9781681370163,"Girlfriends, Ghosts, and Other Stories",Robert Walser,2016-09-13,2016,#C94C46,brown,#F9ECD5
9781681370101,Back,Henry Green,2016-10-18,2016,#00C393,turquoise,#E3D5E0
9781681370347,Iza's Ballad,Magda Szabo,2016-10-18,2016,#B50000,brown,#EADCB3
9781681370149,Loving,Henry Green,2016-10-18,2016,#67E8B5,turquoise,#C9D3B6
9781590179734,Bright Magic,Alfred Döblin,2016-10-25,2016,#E2512F,brown,#B95A3A
9781681370200,The Invisibility Cloak,Ge Fei,2016-11-10,2016,#1F3192,indigo,#A2ADC6
9781681370248,Notes on the Cinematograph,Robert Bresson,2016-11-15,2016,#FF8700,orange,#1D1716
9781681370262,Schlump,Hans Herbert Grimm,2016-11-15,2016,#990000,brown,#F5ECCE
9781681370125,Caught,Henry Green,2016-11-22,2016,#EDC6C4,pink,#97AFD8
9781590179574,Paris Vagabond,Jean-Paul Clébert,2016-12-04,2016,#6E4437,gray,#5A5A5B
9781681370286,The Return of Munchausen,Sigizmund Krzhizhanovksy,2016-12-13,2016,#F6B7FA,violet,#1F221D
9781681370767,Notes of a Crocodile,Qiu Miaojin,2017-02-05,2017,#00552A,teal,#EAB205
9781681370743,The Farm in the Green Mountains,Alice Herdan-Zuckmayer,2017-02-05,2017,#E4F05A,yellow,#CED964
9781681370323,Like Death,Guy de Maupassant,2017-02-21,2017,#050000,black,#CEB591
9781590177686,Primitive Man as Philosopher,Paul Radin,2017-02-21,2017,#A7FFE7,turquoise,#616468
9781681370828,Ernesto,Umberto Saba,2017-03-28,2017,#F4B400,orange,#222326
9781681370668,Blindness,Henry Green,2017-04-04,2017,#BBD2E1,white,#DDE5EB
9781681370682,Living,Henry Green,2017-04-04,2017,#BCD3E2,white,#E5EAEF
9781681370705,Party Going,Henry Green,2017-04-04,2017,#B9D4DE,white,#CFE0CE
9781681370606,Down Below,Leonora Carrington,2017-04-18,2017,#7E2248,brown,#61655A
9781590178386,Family Lexicon,Natalia Ginzburg,2017-04-25,2017,#A88603,orange,#181312
9781681371627,Earthly Signs,Marina Tsvetaeva,2017-05-12,2017,#61573B,gray,#2C2C13
9781681370729,Arabia Felix,Thorkild Hansen,2017-06-13,2017,#FFDC00,gold,#B3D0D2
9781681370644,History is Our Mother: Three Libretti,Alice Goodman,2017-07-18,2017,#27305A,black,#264773
9781681370842,Late Fame,Arthur Schnitzler,2017-08-08,2017,#640D18,brown,#1E271C
9781681371474,In a Lonely Place,Dorothy B. Hughes,2017-08-15,2017,#010101,black,#040304
9781681371511,Other Men's Daughters,Richard Stern,2017-08-29,2017,#9DA4AD,gray,#E6EAEF
9781681370781,The Communist,Guido Morselli,2017-09-19,2017,#6D0A16,brown,#5D2718
9781681371498,Difficult Women,David Plante,2017-09-26,2017,#005F58,teal,#AD6544
9781681370309,Proensa,,2017-10-01,2017,#482654,purple,#B7A450
9781590179123,Samskara,U.R. Ananthamurthy,2017-10-01,2017,#431E23,black,#2E2521
9781681371801,Uncertain Glory,Joan Sales,2017-10-10,2017,#FF151E,red,#161512
9781681371450,Blood Dark,Louis Guilloux,2017-10-17,2017,#2B3892,indigo,#192C65
9781681371412,Doting,Henry Green,2017-10-17,2017,#DC4D7A,brown,#14090B
9781681371436,Nothing,Henry Green,2017-10-17,2017,#91A227,green,#D8D8E0
9781681371542,The Collected Essays of Elizabeth Hardwick,Elizabeth Hardwick,2017-10-17,2017,#00487E,gray,#D1C9A6
9781681370804,Making It,Norman Podhoretz,2017-11-04,2017,#672861,purple,#0447B4
9781681370569,A Favourite of the Gods and A Compass Error,Sybille Bedford,2017-11-07,2017,#9ACAC1,beige,#151316
9781590177822,The Violins of Saint-Jacques,Patrick Leigh Fermor,2017-11-07,2017,#BC0000,red,#4B3949
9781681371399,Balcony in the Forest,Julien Gracq,2017-11-21,2017,#AFA666,tan,#252021
9781681371528,Katalin Street,Magda Szabó,2017-12-09,2017,#D35800,orange,#EBDFCD
9781681371375,Melville: A Novel,Jean Giono,2017-12-09,2017,#2B3892,indigo,#318E9A
9781681372105,Ivory Pearl,Jean-Patrick Manchette,2018-01-05,2018,#E4F05F,yellow,#25241F
9781681371276,Little Reunions,Eileen Chang,2018-01-16,2018,#007E85,teal,#CF9A31
9781681371313,The Juniper Tree,Barbara Comyns,2018-01-23,2018,#003E48,teal,#635F5D
9781681372051,All for Nothing,Walter Kempowski,2018-02-13,2018,#575134,gray,#D8D9D6
9781681371290,Memoirs from Beyond the Grave,François-René de Chateaubriand,2018-02-20,2018,#1D3947,black,#20261C
9781681371955,The Life and Opinions of Zacharias Lichter,Matei Calinescu,2018-03-20,2018,#C71515,brown,#A02723
9781681372167,Basic Black With Pearls,Helen Weinzweig,2018-04-17,2018,#E3B1C1,pink,#A2A2A2
9781681371917,Jigsaw,Sybille Bedford,2018-05-06,2018,#6F3F71,purple,#434644
9781681372013,Sand,Wolfgang Herrndorf,2018-05-06,2018,#C9151B,brown,#E7E6E6
9781681372129,The Seventh Cross,Anna Seghers,2018-05-22,2018,#A4C6BD,beige,#495B5E
9781681371993,Berlin Alexanderplatz,Alfred Döblin,2018-06-03,2018,#6D0048,purple,#3B3837
9781681371894,Compulsory Games,Robert Aickman,2018-08-05,2018,#3D609C,gray,#5B6265
9781681371252,The Memoirs of Two Young Wives,Honore de Balzac,2018-09-01,2018,#FD6B00,red,#403C27
9781681372099,The Kremlin Ball,Curzio Malaparte,2018-10-04,2018,#6B2E37,brown,#C4936B
